{"cameraMode":{"drawMode":0,"name":"Shaded","section":"Shading Mode"},"sceneLighting":true,"audioPlay":false,"sceneViewState":{"showFog":true,"showMaterialUpdate":false,"showSkybox":true,"showFlares":true,"showImageEffects":true,"showParticleSystems":true},"in2DMode":false,"pivot":{"x":1.2529854774475098,"y":-1.4118223190307618,"z":0.016414165496826173},"rotation":{"x":-0.10208951681852341,"y":0.8975629210472107,"z":-0.28980153799057009,"w":-0.31618794798851015},"size":10.0,"orthographic":false}